{
    "loss": 4.624293327331543,
    "accuracy": 0.5555555820465088
}